source_table	original	canonical
BTU_GEO	BTU2(Gwell_L)_ReturnT (°F)	geo/well_left/return_temperature
BTU_GEO	BTU2(Gwell_L)_SupplyT (°F)	geo/well_left/supply_temperature
BTU_GEO	BTU2(Gwell_L)_energy (kBTU_h)	geo/well_left/energy
BTU_GEO	BTU2(Gwell_L)_flow (GPM)	geo/well_left/flow
BTU_GEO	BTU3(Gwell_R)_ReturnT (°F)	geo/well_right/return_temperature
BTU_GEO	BTU3(Gwell_R)_SupplyT (°F)	geo/well_right/supply_temperature
BTU_GEO	BTU3(Gwell_R)_energy (kBTU_h)	geo/well_right/energy
BTU_GEO	BTU3(Gwell_R)_flow (GPM)	geo/well_right/flow
BTU_GEO	BTU4(Gwell_Com)_ReturnT (°F)	geo/well_common/return_temperature
BTU_GEO	BTU4(Gwell_Com)_SupplyT (°F)	geo/well_common/supply_temperature
BTU_GEO	BTU4(Gwell_Com)_energy (kBTU_h)	geo/well_common/energy
BTU_GEO	BTU4(Gwell_Com)_flow (GPM)	geo/well_common/flow
BTU_TABS	BTU10(Z21+22+23+24+25+26+27)_ReturnT (°F)	tabs/Z21_Z22_Z23_Z24_Z25_Z26_Z27/return_temperature
BTU_TABS	BTU10(Z21+22+23+24+25+26+27)_SupplyT (°F)	tabs/Z21_Z22_Z23_Z24_Z25_Z26_Z27/supply_temperature
BTU_TABS	BTU10(Z21+22+23+24+25+26+27)_energy (kBTU_h)	tabs/Z21_Z22_Z23_Z24_Z25_Z26_Z27/energy
BTU_TABS	BTU10(Z21+22+23+24+25+26+27)_flow (GPM)	tabs/Z21_Z22_Z23_Z24_Z25_Z26_Z27/flow
BTU_TABS	BTU11(Z32+33)_ReturnT (°F)	tabs/Z32_Z33/return_temperature
BTU_TABS	BTU11(Z32+33)_SupplyT (°F)	tabs/Z32_Z33/supply_temperature
BTU_TABS	BTU11(Z32+33)_energy (kBTU_h)	tabs/Z32_Z33/energy
BTU_TABS	BTU11(Z32+33)_flow (GPM)	tabs/Z32_Z33/flow
BTU_TABS	BTU13(Z31)_ReturnT (°F)	tabs/Z31/return_temperature
BTU_TABS	BTU13(Z31)_SupplyT (°F)	tabs/Z31/supply_temperature
BTU_TABS	BTU13(Z31)_energy (kBTU_h)	tabs/Z31/energy
BTU_TABS	BTU13(Z31)_flow (GPM)	tabs/Z31/flow
BTU_TABS	BTU5(Z2+3+4+5)_ReturnT (°F)	tabs/Z02_Z03_Z04_Z05/return_temperature
BTU_TABS	BTU5(Z2+3+4+5)_SupplyT (°F)	tabs/Z02_Z03_Z04_Z05/supply_temperature
BTU_TABS	BTU5(Z2+3+4+5)_energy (kBTU_h)	tabs/Z02_Z03_Z04_Z05/energy
BTU_TABS	BTU5(Z2+3+4+5)_flow (GPM)	tabs/Z02_Z03_Z04_Z05/flow
BTU_TABS	BTU6(Z1)_ReturnT (°F)	tabs/Z01/return_temperature
BTU_TABS	BTU6(Z1)_SupplyT (°F)	tabs/Z01/supply_temperature
BTU_TABS	BTU6(Z1)_energy (kBTU_h)	tabs/Z01/energy
BTU_TABS	BTU6(Z1)_flow (GPM)	tabs/Z01/flow
BTU_TABS	BTU7(Z14+15+16+17)_ReturnT (°F)	tabs/Z14_Z15_Z16_Z17/return_temperature
BTU_TABS	BTU7(Z14+15+16+17)_SupplyT (°F)	tabs/Z14_Z15_Z16_Z17/supply_temperature
BTU_TABS	BTU7(Z14+15+16+17)_energy (kBTU_h)	tabs/Z14_Z15_Z16_Z17/energy
BTU_TABS	BTU7(Z14+15+16+17)_flow (GPM)	tabs/Z14_Z15_Z16_Z17/flow
BTU_TABS	BTU8(Z11+12+13)_ReturnT (°F)	tabs/Z11_Z12_Z13/return_temperature
BTU_TABS	BTU8(Z11+12+13)_SupplyT (°F)	tabs/Z11_Z12_Z13/supply_temperature
BTU_TABS	BTU8(Z11+12+13)_energy (kBTU_h)	tabs/Z11_Z12_Z13/energy
BTU_TABS	BTU8(Z11+12+13)_flow (GPM)	tabs/Z11_Z12_Z13/flow
Facade_temperature	East_facade_high_temp (°F)	outdoor/facade/east/high
Facade_temperature	East_facade_low_temp (°F)	outdoor/facade/east/low
Facade_temperature	North_facade_high_temp (°F)	outdoor/facade/north/high
Facade_temperature	North_facade_low_temp (°F)	outdoor/facade/north/low
Facade_temperature	South_facade_high_temp (°F)	outdoor/facade/south/high
Facade_temperature	South_facade_low_temp (°F)	outdoor/facade/south/low
Facade_temperature	South_facade_mid_temp (°F)	outdoor/facade/south/mid
Facade_temperature	West_facade_high_left_temp (°F)	outdoor/facade/west/high_left
Facade_temperature	West_facade_high_right_temp (°F)	outdoor/facade/west/high_right
HZ_solar_radiation	HZ_solar_radiation (W_m^2)	outdoor/weather/solar_radiation
Load	Battery_cabinet (kW)	load/battery_cabinet
Load	Control (kW)	load/controls
Load	Cooling_pump (kW)	load/cooling_pump
Load	Domestic_hot_water_electric (kW)	load/dhw/electric
Load	Domestic_hot_water_solar (kW)	load/dhw/solar
Load	Elevator (kW)	load/elevator
Load	Elevator_exhaust_fan (kW)	load/exhaust_fan
Load	Elevator_sump_pump (kW)	load/sump_pump
Load	Emergency_lighting (kW)	load/emergency_lighting
Load	Fire_alarm (kW)	load/fire_alarm
Load	Heat_pump (kW)	load/heat_pump_mechanical
Load	Heat_pump_electric (kW)	load/heat_pump
Load	IT (kW)	load/it
Load	In (kW)	meter/import
Load	Lighting_1st (kW)	load/lighting/floor1
Load	Lighting_2nd (kW)	load/lighting/floor2
Load	Lighting_3rd (kW)	load/lighting/floor3
Load	Lighting_basement (kW)	load/lighting/basement
Load	Net (kW)	meter/net
Load	Out (kW)	meter/export
Load	PV_meter_1 (kW)	pv/meter1
Load	PV_meter_2 (kW)	pv/meter2
Load	Plug_1st (kW)	load/plug/floor1
Load	Plug_2nd (kW)	load/plug/floor2
Load	Plug_3rd (kW)	load/plug/floor3
Load	Plug_basement (kW)	load/plug/basement
Load	Solar_rapid_shutdown (kW)	load/solar_rapid_shutdown
Weather_station	Outdoor_air_temp (°F)	outdoor/weather/air_temperature
Weather_station	Rain (Boolean)	outdoor/weather/rain
Weather_station	Relative_humidity (%)	outdoor/weather/humidity
Weather_station	Wind_dir (°)	outdoor/weather/wind_direction
Weather_station	Wind_speed (m_s)	outdoor/weather/wind_speed
Zone_CO2	Z11_CO2 (ppm)	zone/Z11/co2
Zone_CO2	Z12+13_CO2 (ppm)	zone/Z12_Z13/co2
Zone_CO2	Z15+16_CO2 (ppm)	zone/Z15_Z16/co2
Zone_CO2	Z17_CO2 (ppm) (ppm)	zone/Z17/co2
Zone_CO2	Z1_CO2 (ppm)	zone/Z01/co2
Zone_CO2	Z21_CO2 (ppm)	zone/Z21/co2
Zone_CO2	Z22+23_CO2 (ppm)	zone/Z22_Z23/co2
Zone_CO2	Z24_CO2 (ppm)	zone/Z24/co2
Zone_CO2	Z25+26+27_CO2 (ppm)	zone/Z25_Z26_Z27/co2
Zone_CO2	Z31_CO2 (ppm)	zone/Z31/co2
Zone_CO2	Z32_CO2 (ppm)	zone/Z32/co2
Zone_CO2	Z33_CO2 (ppm)	zone/Z33/co2
Zone_CO2	Z3_CO2 (ppm)	zone/Z03/co2
Zone_CO2	Z4_CO2 (ppm)	zone/Z04/co2
Zone_CO2	Z5_CO2 (ppm)	zone/Z05/co2
Zone_RH	Z11_RH (%)	zone/Z11/humidity
Zone_RH	Z12+13_RH (%)	zone/Z12_Z13/humidity
Zone_RH	Z15+16_RH (%)	zone/Z15_Z16/humidity
Zone_RH	Z17_RH (%)	zone/Z17/humidity
Zone_RH	Z1_RH (%)	zone/Z01/humidity
Zone_RH	Z21_RH (%)	zone/Z21/humidity
Zone_RH	Z22+23_RH (%)	zone/Z22_Z23/humidity
Zone_RH	Z24_RH (%)	zone/Z24/humidity
Zone_RH	Z25+26+27_RH (%)	zone/Z25_Z26_Z27/humidity
Zone_RH	Z31_RH (%)	zone/Z31/humidity
Zone_RH	Z32_RH (%)	zone/Z32/humidity
Zone_RH	Z33_RH (%)	zone/Z33/humidity
Zone_RH	Z3_RH (%)	zone/Z03/humidity
Zone_RH	Z4_RH (%)	zone/Z04/humidity
Zone_RH	Z5_RH (%)	zone/Z05/humidity
Zone_slab_temperature	Z11_slab_temp (°F)	zone/Z11/slab_temperature
Zone_slab_temperature	Z12_slab_temp (°F)	zone/Z12/slab_temperature
Zone_slab_temperature	Z13_slab_temp (°F)	zone/Z13/slab_temperature
Zone_slab_temperature	Z14_slab_temp (°F)	zone/Z14/slab_temperature
Zone_slab_temperature	Z15_slab_temp (°F)	zone/Z15/slab_temperature
Zone_slab_temperature	Z16_slab_temp (°F)	zone/Z16/slab_temperature
Zone_slab_temperature	Z17_slab_temp (°F)	zone/Z17/slab_temperature
Zone_slab_temperature	Z1_slab_temp (°F)	zone/Z01/slab_temperature
Zone_slab_temperature	Z21_slab_temp (°F)	zone/Z21/slab_temperature
Zone_slab_temperature	Z22_slab_temp (°F)	zone/Z22/slab_temperature
Zone_slab_temperature	Z23_slab_temp (°F)	zone/Z23/slab_temperature
Zone_slab_temperature	Z24_slab_temp (°F)	zone/Z24/slab_temperature
Zone_slab_temperature	Z25_slab_temp (°F)	zone/Z25/slab_temperature
Zone_slab_temperature	Z26_slab_temp (°F)	zone/Z26/slab_temperature
Zone_slab_temperature	Z27_slab_temp (°F)	zone/Z27/slab_temperature
Zone_slab_temperature	Z2_slab_temp (°F)	zone/Z02/slab_temperature
Zone_slab_temperature	Z31_slab_temp (°F)	zone/Z31/slab_temperature
Zone_slab_temperature	Z32_slab_temp (°F)	zone/Z32/slab_temperature
Zone_slab_temperature	Z33_slab_temp (°F)	zone/Z33/slab_temperature
Zone_slab_temperature	Z4_slab_temp (°F)	zone/Z04/slab_temperature
Zone_temperature	Z11_temp (°F)	zone/Z11/air_temperature
Zone_temperature	Z12+13_temp (°F)	zone/Z12_Z13/air_temperature
Zone_temperature	Z14_temp (°F)	zone/Z14/air_temperature
Zone_temperature	Z15+16_temp (°F)	zone/Z15_Z16/air_temperature
Zone_temperature	Z17_temp (°F)	zone/Z17/air_temperature
Zone_temperature	Z1_temp (°F)	zone/Z01/air_temperature
Zone_temperature	Z21_temp (°F)	zone/Z21/air_temperature
Zone_temperature	Z22+23_temp (°F)	zone/Z22_Z23/air_temperature
Zone_temperature	Z24_temp (°F)	zone/Z24/air_temperature
Zone_temperature	Z25+26+27_temp (°F)	zone/Z25_Z26_Z27/air_temperature
Zone_temperature	Z2_temp (°F)	zone/Z02/air_temperature
Zone_temperature	Z31_temp (°F)	zone/Z31/air_temperature
Zone_temperature	Z32_temp (°F)	zone/Z32/air_temperature
Zone_temperature	Z33_temp (°F)	zone/Z33/air_temperature
Zone_temperature	Z3_temp (°F)	zone/Z03/air_temperature
Zone_temperature	Z4_temp (°F)	zone/Z04/air_temperature
Zone_temperature	Z5_temp (°F)	zone/Z05/air_temperature
Zone_valve	Z11_valve (%)	zone/Z11/valve
Zone_valve	Z12_valve (%)	zone/Z12/valve
Zone_valve	Z13_valve (%)	zone/Z13/valve
Zone_valve	Z14_valve (%)	zone/Z14/valve
Zone_valve	Z15_valve (%)	zone/Z15/valve
Zone_valve	Z16+17_valve (%)	zone/Z16_Z17/valve
Zone_valve	Z1_valve (%)	zone/Z01/valve
Zone_valve	Z21_valve (%)	zone/Z21/valve
Zone_valve	Z22_valve (%)	zone/Z22/valve
Zone_valve	Z23_valve (%)	zone/Z23/valve
Zone_valve	Z24_valve (%)	zone/Z24/valve
Zone_valve	Z25_valve (%)	zone/Z25/valve
Zone_valve	Z26_valve (%)	zone/Z26/valve
Zone_valve	Z27_valve (%)	zone/Z27/valve
Zone_valve	Z2_valve (%)	zone/Z02/valve
Zone_valve	Z3+4+5_valve (%)	zone/Z03_Z04_Z05/valve
Zone_valve	Z31_valve (%)	zone/Z31/valve
Zone_valve	Z32_valve (%)	zone/Z32/valve
Zone_valve	Z33_valve (%)	zone/Z33/valve
Zone_window	Z11_East (%)	zone/Z11/window_opening/east
Zone_window	Z11_South (%)	zone/Z11/window_opening/south
Zone_window	Z12_South (%)	zone/Z12/window_opening/south
Zone_window	Z13_South (%)	zone/Z13/window_opening/south
Zone_window	Z13_West (%)	zone/Z13/window_opening/west
Zone_window	Z15_North (%)	zone/Z15/window_opening/north
Zone_window	Z15_West (%)	zone/Z15/window_opening/west
Zone_window	Z16_North (%)	zone/Z16/window_opening/north
Zone_window	Z17_North (%)	zone/Z17/window_opening/north
Zone_window	Z1_South (%)	zone/Z01/window_opening/south
Zone_window	Z1_damper (%)	zone/Z01/solar_damper
Zone_window	Z21_East (%)	zone/Z21/window_opening/east
Zone_window	Z21_South (%)	zone/Z21/window_opening/south
Zone_window	Z21_skylight (%)	zone/Z21/window_opening/sky
Zone_window	Z22_South (%)	zone/Z22/window_opening/south
Zone_window	Z23_South (%)	zone/Z23/window_opening/south
Zone_window	Z23_West (%)	zone/Z23/window_opening/west
Zone_window	Z23_skylight (%) (%)	zone/Z23/window_opening/sky
Zone_window	Z24_West (%)	zone/Z24/window_opening/west
Zone_window	Z24_skylight (%)	zone/Z24/window_opening/sky
Zone_window	Z25_North (%)	zone/Z25/window_opening/north
Zone_window	Z25_West (%)	zone/Z25/window_opening/west
Zone_window	Z25_skylight (%)	zone/Z25/window_opening/sky
Zone_window	Z26_North (%)	zone/Z26/window_opening/north
Zone_window	Z27_North (%)	zone/Z27/window_opening/north
Zone_window	Z27_skylight (%)	zone/Z27/window_opening/sky
Zone_window	Z31_South (%)	zone/Z31/window_opening/south
Zone_window	Z31_skylight (%)	zone/Z31/window_opening/sky
Zone_window	Z32_West (%)	zone/Z32/window_opening/west
Zone_window	Z33_North (%)	zone/Z33/window_opening/north
Zone_window	Z33_skylight (%)	zone/Z33/window_opening/sky
Zone_window	Z3_North (%)	zone/Z03/window_opening/north
Zone_window	Z4_North (%)	zone/Z04/window_opening/north
Zone_window	Z5_North (%)	zone/Z05/window_opening/north
